Step,True_Anomaly_deg,Altitude_km,Velocity_kms,Velocity_kmh,Footprint_Radius_km,Latitude_deg,Longitude_deg
0,0,415.0,7.662,27583.4,2241.0,0.0,-180.0
1,1,415.0,7.662,27583.4,2241.0,0.784,-178.5
2,2,415.0,7.662,27583.4,2241.0,1.568,-177.0
3,3,415.0,7.662,27583.4,2241.0,2.352,-175.5
4,4,415.01,7.662,27583.4,2241.0,3.136,-174.0
5,5,415.01,7.662,27583.4,2241.0,3.919,-172.5
6,6,415.02,7.662,27583.3,2241.0,4.701,-171.0
7,7,415.03,7.662,27583.3,2241.0,5.484,-169.5
8,8,415.03,7.662,27583.3,2241.0,6.265,-168.0
9,9,415.04,7.662,27583.2,2241.1,7.046,-166.5
10,10,415.05,7.662,27583.2,2241.1,7.826,-165.0
11,11,415.06,7.662,27583.2,2241.1,8.605,-163.5
12,12,415.08,7.662,27583.1,2241.2,9.383,-162.0
13,13,415.09,7.662,27583.0,2241.2,10.16,-160.5
14,14,415.1,7.662,27583.0,2241.2,10.935,-159.0
15,15,415.12,7.662,27582.9,2241.3,11.709,-157.5
16,16,415.14,7.662,27582.9,2241.3,12.482,-156.0
17,17,415.15,7.662,27582.8,2241.3,13.253,-154.5
18,18,415.17,7.662,27582.7,2241.4,14.023,-153.0
19,19,415.19,7.662,27582.6,2241.4,14.791,-151.5
20,20,415.21,7.662,27582.6,2241.5,15.556,-150.0
21,21,415.23,7.662,27582.5,2241.6,16.32,-148.5
22,22,415.25,7.662,27582.4,2241.6,17.082,-147.0
23,23,415.28,7.662,27582.3,2241.7,17.841,-145.5
24,24,415.3,7.662,27582.2,2241.7,18.598,-144.0
25,25,415.33,7.662,27582.1,2241.8,19.353,-142.5
26,26,415.35,7.662,27582.0,2241.9,20.105,-141.0
27,27,415.38,7.662,27581.9,2241.9,20.854,-139.5
28,28,415.41,7.662,27581.8,2242.0,21.6,-138.0
29,29,415.44,7.662,27581.6,2242.1,22.343,-136.5
30,30,415.47,7.662,27581.5,2242.2,23.083,-135.0
31,31,415.5,7.661,27581.4,2242.2,23.819,-133.5
32,32,415.53,7.661,27581.3,2242.3,24.552,-132.0
33,33,415.56,7.661,27581.1,2242.4,25.282,-130.5
34,34,415.6,7.661,27581.0,2242.5,26.007,-129.0
35,35,415.63,7.661,27580.8,2242.6,26.728,-127.5
36,36,415.67,7.661,27580.7,2242.7,27.445,-126.0
37,37,415.7,7.661,27580.6,2242.8,28.158,-124.5
38,38,415.74,7.661,27580.4,2242.9,28.866,-123.0
39,39,415.78,7.661,27580.3,2243.0,29.569,-121.5
40,40,415.82,7.661,27580.1,2243.1,30.267,-120.0
41,41,415.86,7.661,27579.9,2243.2,30.96,-118.5
42,42,415.9,7.661,27579.8,2243.3,31.647,-117.0
43,43,415.94,7.661,27579.6,2243.4,32.329,-115.5
44,44,415.98,7.661,27579.4,2243.5,33.004,-114.0
45,45,416.02,7.661,27579.3,2243.6,33.674,-112.5
46,46,416.07,7.661,27579.1,2243.7,34.337,-111.0
47,47,416.11,7.661,27578.9,2243.8,34.993,-109.5
48,48,416.16,7.661,27578.7,2243.9,35.642,-108.0
49,49,416.2,7.661,27578.5,2244.0,36.284,-106.5
50,50,416.25,7.661,27578.3,2244.2,36.918,-105.0
51,51,416.3,7.661,27578.2,2244.3,37.545,-103.5
52,52,416.34,7.661,27578.0,2244.4,38.163,-102.0
53,53,416.39,7.66,27577.8,2244.5,38.773,-100.5
54,54,416.44,7.66,27577.6,2244.6,39.373,-99.0
55,55,416.49,7.66,27577.4,2244.8,39.965,-97.5
56,56,416.54,7.66,27577.2,2244.9,40.547,-96.0
57,57,416.59,7.66,27577.0,2245.0,41.119,-94.5
58,58,416.64,7.66,27576.7,2245.2,41.681,-93.0
59,59,416.7,7.66,27576.5,2245.3,42.232,-91.5
60,60,416.75,7.66,27576.3,2245.4,42.771,-90.0
61,61,416.8,7.66,27576.1,2245.6,43.3,-88.5
62,62,416.86,7.66,27575.9,2245.7,43.816,-87.0
63,63,416.91,7.66,27575.7,2245.8,44.32,-85.5
64,64,416.96,7.66,27575.4,2246.0,44.811,-84.0
65,65,417.02,7.66,27575.2,2246.1,45.289,-82.5
66,66,417.07,7.66,27575.0,2246.3,45.753,-81.0
67,67,417.13,7.66,27574.8,2246.4,46.203,-79.5
68,68,417.19,7.66,27574.5,2246.6,46.638,-78.0
69,69,417.24,7.66,27574.3,2246.7,47.058,-76.5
70,70,417.3,7.659,27574.1,2246.8,47.463,-75.0
71,71,417.36,7.659,27573.8,2247.0,47.851,-73.5
72,72,417.42,7.659,27573.6,2247.1,48.223,-72.0
73,73,417.48,7.659,27573.4,2247.3,48.579,-70.5
74,74,417.53,7.659,27573.1,2247.4,48.916,-69.0
75,75,417.59,7.659,27572.9,2247.6,49.236,-67.5
76,76,417.65,7.659,27572.7,2247.7,49.538,-66.0
77,77,417.71,7.659,27572.4,2247.9,49.821,-64.5
78,78,417.77,7.659,27572.2,2248.0,50.085,-63.0
79,79,417.83,7.659,27571.9,2248.2,50.329,-61.5
80,80,417.89,7.659,27571.7,2248.3,50.553,-60.0
81,81,417.95,7.659,27571.4,2248.5,50.757,-58.5
82,82,418.01,7.659,27571.2,2248.7,50.941,-57.0
83,83,418.07,7.659,27570.9,2248.8,51.104,-55.5
84,84,418.13,7.659,27570.7,2249.0,51.245,-54.0
85,85,418.19,7.658,27570.5,2249.1,51.365,-52.5
86,86,418.25,7.658,27570.2,2249.3,51.464,-51.0
87,87,418.32,7.658,27570.0,2249.4,51.541,-49.5
88,88,418.38,7.658,27569.7,2249.6,51.596,-48.0
89,89,418.44,7.658,27569.5,2249.7,51.629,-46.5
90,90,418.5,7.658,27569.2,2249.9,51.64,-45.0
91,91,418.56,7.658,27569.0,2250.1,51.629,-43.5
92,92,418.62,7.658,27568.7,2250.2,51.596,-42.0
93,93,418.68,7.658,27568.5,2250.4,51.541,-40.5
94,94,418.74,7.658,27568.2,2250.5,51.464,-39.0
95,95,418.8,7.658,27568.0,2250.7,51.365,-37.5
96,96,418.86,7.658,27567.7,2250.8,51.245,-36.0
97,97,418.92,7.658,27567.5,2251.0,51.104,-34.5
98,98,418.99,7.658,27567.2,2251.1,50.941,-33.0
99,99,419.05,7.657,27567.0,2251.3,50.757,-31.5
100,100,419.11,7.657,27566.8,2251.4,50.553,-30.0
101,101,419.17,7.657,27566.5,2251.6,50.329,-28.5
102,102,419.23,7.657,27566.3,2251.8,50.085,-27.0
103,103,419.29,7.657,27566.0,2251.9,49.821,-25.5
104,104,419.35,7.657,27565.8,2252.1,49.538,-24.0
105,105,419.4,7.657,27565.5,2252.2,49.236,-22.5
106,106,419.46,7.657,27565.3,2252.4,48.916,-21.0
107,107,419.52,7.657,27565.1,2252.5,48.579,-19.5
108,108,419.58,7.657,27564.8,2252.7,48.223,-18.0
109,109,419.64,7.657,27564.6,2252.8,47.851,-16.5
110,110,419.7,7.657,27564.4,2252.9,47.463,-15.0
111,111,419.75,7.657,27564.1,2253.1,47.058,-13.5
112,112,419.81,7.657,27563.9,2253.2,46.638,-12.0
113,113,419.87,7.657,27563.7,2253.4,46.203,-10.5
114,114,419.92,7.657,27563.4,2253.5,45.753,-9.0
115,115,419.98,7.656,27563.2,2253.7,45.289,-7.5
116,116,420.03,7.656,27563.0,2253.8,44.811,-6.0
117,117,420.09,7.656,27562.8,2253.9,44.32,-4.5
118,118,420.14,7.656,27562.6,2254.1,43.816,-3.0
119,119,420.2,7.656,27562.3,2254.2,43.3,-1.5
120,120,420.25,7.656,27562.1,2254.4,42.771,0.0
121,121,420.3,7.656,27561.9,2254.5,42.232,1.5
122,122,420.35,7.656,27561.7,2254.6,41.681,3.0
123,123,420.4,7.656,27561.5,2254.8,41.119,4.5
124,124,420.46,7.656,27561.3,2254.9,40.547,6.0
125,125,420.51,7.656,27561.1,2255.0,39.965,7.5
126,126,420.56,7.656,27560.9,2255.1,39.373,9.0
127,127,420.61,7.656,27560.7,2255.3,38.773,10.5
128,128,420.65,7.656,27560.5,2255.4,38.163,12.0
129,129,420.7,7.656,27560.3,2255.5,37.545,13.5
130,130,420.75,7.656,27560.1,2255.6,36.918,15.0
131,131,420.8,7.656,27559.9,2255.7,36.284,16.5
132,132,420.84,7.655,27559.7,2255.9,35.642,18.0
133,133,420.89,7.655,27559.5,2256.0,34.993,19.5
134,134,420.93,7.655,27559.4,2256.1,34.337,21.0
135,135,420.97,7.655,27559.2,2256.2,33.674,22.5
136,136,421.02,7.655,27559.0,2256.3,33.004,24.0
137,137,421.06,7.655,27558.8,2256.4,32.329,25.5
138,138,421.1,7.655,27558.7,2256.5,31.647,27.0
139,139,421.14,7.655,27558.5,2256.6,30.96,28.5
140,140,421.18,7.655,27558.3,2256.7,30.267,30.0
141,141,421.22,7.655,27558.2,2256.8,29.569,31.5
142,142,421.26,7.655,27558.0,2256.9,28.866,33.0
143,143,421.29,7.655,27557.9,2257.0,28.158,34.5
144,144,421.33,7.655,27557.7,2257.1,27.445,36.0
145,145,421.37,7.655,27557.6,2257.2,26.728,37.5
146,146,421.4,7.655,27557.4,2257.3,26.007,39.0
147,147,421.43,7.655,27557.3,2257.4,25.282,40.5
148,148,421.47,7.655,27557.2,2257.5,24.552,42.0
149,149,421.5,7.655,27557.0,2257.5,23.819,43.5
150,150,421.53,7.655,27556.9,2257.6,23.083,45.0
151,151,421.56,7.655,27556.8,2257.7,22.343,46.5
152,152,421.59,7.655,27556.7,2257.8,21.6,48.0
153,153,421.62,7.655,27556.6,2257.8,20.854,49.5
154,154,421.65,7.655,27556.5,2257.9,20.105,51.0
155,155,421.67,7.655,27556.3,2258.0,19.353,52.5
156,156,421.7,7.655,27556.2,2258.0,18.598,54.0
157,157,421.72,7.654,27556.1,2258.1,17.841,55.5
158,158,421.74,7.654,27556.1,2258.2,17.082,57.0
159,159,421.77,7.654,27556.0,2258.2,16.32,58.5
160,160,421.79,7.654,27555.9,2258.3,15.556,60.0
161,161,421.81,7.654,27555.8,2258.3,14.791,61.5
162,162,421.83,7.654,27555.7,2258.4,14.023,63.0
163,163,421.85,7.654,27555.6,2258.4,13.253,64.5
164,164,421.86,7.654,27555.6,2258.5,12.482,66.0
165,165,421.88,7.654,27555.5,2258.5,11.709,67.5
166,166,421.9,7.654,27555.4,2258.5,10.935,69.0
167,167,421.91,7.654,27555.4,2258.6,10.16,70.5
168,168,421.92,7.654,27555.3,2258.6,9.383,72.0
169,169,421.94,7.654,27555.3,2258.6,8.605,73.5
170,170,421.95,7.654,27555.2,2258.7,7.826,75.0
171,171,421.96,7.654,27555.2,2258.7,7.046,76.5
172,172,421.97,7.654,27555.2,2258.7,6.265,78.0
173,173,421.97,7.654,27555.1,2258.7,5.484,79.5
174,174,421.98,7.654,27555.1,2258.8,4.701,81.0
175,175,421.99,7.654,27555.1,2258.8,3.919,82.5
176,176,421.99,7.654,27555.1,2258.8,3.136,84.0
177,177,422.0,7.654,27555.0,2258.8,2.352,85.5
178,178,422.0,7.654,27555.0,2258.8,1.568,87.0
179,179,422.0,7.654,27555.0,2258.8,0.784,88.5
